Unnamed: 0,Unnamed: 1,Unnamed: 2,Unnamed: 3
Pos Con,,,
Max Conc,Exp Time,Temp,Cell Viab
1,5,23.9,1.0672563952969
1,5,23.9,0.97670087233233
1,5,23.9,0.95431161208384
1,5,23.9,0.91876820807815
1,5,23.9,1.0829629122088
1,10,26.6,0.88838128132522
1,10,26.6,0.95500898032334
1,10,26.6,0.99690316381508
1,10,26.6,1.100870360966
1,10,26.6,1.0588362135704
1,30,26.8,0.86922754884194
1,30,26.8,0.83256106141579
1,30,26.8,1.3292037149367
1,30,26.8,1.1562783557163
1,30,26.8,0.81272931908929
1,60,26.8,0.92183919521905
1,60,26.8,1.0417858591143
1,60,26.8,1.0631586478011
1,60,26.8,0.91986870736955
1,60,26.8,1.053347590496
3,5,24.9,1.0691692896281
3,5,24.9,0.96778031586886
3,5,24.9,0.95444043521094
3,5,24.9,0.95353925652199
3,5,24.9,1.0550707027701
3,10,25.5,0.8273841847367
3,10,25.5,0.90146498505754
3,10,25.5,1.0619035705549
3,10,25.5,1.2351802219566
3,10,25.5,0.97406703769423
3,30,25,0.97998515243215
3,30,25,0.85055528934167
3,30,25,0.94139540934268
3,30,25,1.1491542467875
3,30,25,1.078909902096
3,60,24.9,0.99645957497282
3,60,24.9,1.044790970223
3,60,24.9,0.93016663739083
3,60,24.9,1.1168361860834
3,60,24.9,0.91174663132991
5,5,22.9,1.0996735301528
5,5,22.9,0.95920743651855
5,5,22.9,0.93227780801105
5,5,22.9,0.97130407605167
5,5,22.9,1.0375371492659
5,10,25.3,0.908677820856
5,10,25.3,1.1047786638559
5,10,25.3,0.98712318415857
5,10,25.3,1.0432625985256
5,10,25.3,0.95615773260389
5,30,25.1,1.029344212054
5,30,25.1,0.90850714755437
5,30,25.1,1.103830138158
5,30,25.1,1.0138177011917
5,30,25.1,0.94450080104196
5,60,24.3,0.99772782206115
5,60,24.3,1.0657583688681
5,60,24.3,0.99216139508162
5,60,24.3,0.97676564926131
5,60,24.3,0.96758676472782
7,5,24.1,0.98380778960221
7,5,24.1,0.94764686661697
7,5,24.1,0.99314605493224
7,5,24.1,1.0323131424792
7,5,24.1,1.0430861463694
7,10,26.5,1.0209868857483
7,10,26.5,0.97591220226108
7,10,26.5,0.94434295558569
7,10,26.5,1.0933578661561
7,10,26.5,0.96540009024887
7,30,25.4,0.97339621828614
7,30,25.4,1.0259551403324
7,30,25.4,0.94178928233938
7,30,25.4,1.0188953648823
7,30,25.4,1.0399639941598
7,60,25.15,1.0769022576162
7,60,25.15,0.90939721205593
7,60,25.15,0.88218213937513
7,60,25.15,1.1093612415695
7,60,25.15,1.0221571493832
10,5,27,0.99991540649013
10,5,27,0.93234621523699
10,5,27,1.116680733636
10,5,27,0.9785057052983
10,5,27,0.97255193933858
10,10,27,1.0158361024826
10,10,27,0.95220994557735
10,10,27,1.0563184274079
10,10,27,1.0191875815718
10,10,27,0.95644794296035
10,30,27,0.95690403435835
10,30,27,0.93023479224542
10,30,27,0.93152411190243
10,30,27,1.1395186357756
10,30,27,1.0418184257182
10,60,27.1,1.0421911224391
10,60,27.1,0.96161363353498
10,60,27.1,1.0471087346602
10,60,27.1,0.96182069439879
10,60,27.1,0.98726581496694
Neg Con,,,
Max Conc,Exp Time,Temp,Cell Viab
1,5,23.9,0.0034030268944874
1,5,23.9,-0.0052848117146665
1,5,23.9,0.0022129346950481
1,5,23.9,-0.0029409246092498
1,5,23.9,0.002146426048661
1,10,26.6,-0.0019296215468371
1,10,26.6,0.0042042862834284
1,10,26.6,0.002640056095293
1,10,26.6,-0.0014050928180951
1,10,26.6,0.0028669318329625
1,30,26.8,0.0050378126486418
1,30,26.8,-0.0004580289839911
1,30,26.8,-0.00048412810428287
1,30,26.8,0.0080139699534222
1,30,26.8,0.001947382086752
1,60,26.8,0.0034738378010508
1,60,26.8,0.0086976237810488
1,60,26.8,-0.00035546202266341
1,60,26.8,0.0063861125311796
1,60,26.8,0.0057360551561705
3,5,24.9,0.0026587055853367
3,5,24.9,0.0027941121749939
3,5,24.9,0.0018501158653926
3,5,24.9,0.0018403257804682
3,5,24.9,0.0025304383741877
3,10,25.5,1.5841065260311E-5
3,10,25.5,0.0028512755059659
3,10,25.5,0.00052908221938712
3,10,25.5,0.0043052511401122
3,10,25.5,0.0010868525495508
3,30,25,-0.00051028373011552
3,30,25,0.00092932159011774
3,30,25,0.0014820094535416
3,30,25,-0.0003856585923176
3,30,25,0.001987987643612
3,60,24.9,-0.00029190014728027
3,60,24.9,0.0041609226309816
3,60,24.9,0.0027703179802863
3,60,24.9,0.0022344826729848
3,60,24.9,0.0021460898632956
5,5,22.9,0.0036156510790759
5,5,22.9,0.0073564459920155
5,5,22.9,0.0085249162697385
5,5,22.9,0.01096078928361
5,5,22.9,0.0059159682277113
5,10,25.3,0.0013103595789491
5,10,25.3,-0.0055034137373073
5,10,25.3,-0.0018504383035311
5,10,25.3,0.0016815585789599
5,10,25.3,-0.00025642867345201
5,30,25.1,0.004200584933829
5,30,25.1,-0.0012494996178936
5,30,25.1,0.0081147840242859
5,30,25.1,0.0053654766277542
5,30,25.1,0.0031620237444261
5,60,24.3,0.0037307758087357
5,60,24.3,0.0058319253113405
5,60,24.3,0.004400902601526
5,60,24.3,0.0057266344433771
5,60,24.3,0.0091760948575463
7,5,24.1,0.0048649185227034
7,5,24.1,0.003771527483576
7,5,24.1,0.0033368512073565
7,5,24.1,0.0041152170959513
7,5,24.1,0.0015887962870696
7,10,26.5,0.0028444086456279
7,10,26.5,0.0020559957048128
7,10,26.5,0.0019456276297499
7,10,26.5,0.0013138099293493
7,10,26.5,8.4730021936493E-5
7,30,25.4,0.00068842750504888
7,30,25.4,0.0056007017027792
7,30,25.4,0.0044720246255109
7,30,25.4,0.0016043046309528
7,30,25.4,0.0037026819344517
7,60,25.15,0.0044478238789698
7,60,25.15,0.0028172623667588
7,60,25.15,0.0036035319762866
7,60,25.15,0.0024494921394578
7,60,25.15,0.0060371840237763
10,5,27,0.0046829067389129
10,5,27,-0.0023850008989912
10,5,27,-0.0010711516076459
10,5,27,-0.0024752421698483
10,5,27,-0.0024315421473007
10,10,27,0.0018701798087044
10,10,27,-0.00095458239959508
10,10,27,-6.5252563162753E-5
10,10,27,-0.0016648246249388
10,10,27,0.00026882024956652
10,30,27,-0.0024036498088202
10,30,27,0.0017473958663411
10,30,27,4.2492642446166E-5
10,30,27,-0.00049061459898591
10,30,27,-0.00019760013355284
10,60,27.1,0.00025882845689533
10,60,27.1,-0.00087708002308241
10,60,27.1,-0.0018480004028598
10,60,27.1,-0.001627262730525
10,60,27.1,-0.0047501421191428
Gly,,,
Max Conc,Exp Time,Temp,Cell Viab
1,5,23.9,0.76041128084046
1,5,23.9,1.0852388580885
1,5,23.9,1.0095932943109
1,5,23.9,0.97988748425535
1,5,23.9,0.98945250313194
1,10,26.6,0.97785737159651
1,10,26.6,1.1211490140485
1,10,26.6,1.1164362200008
1,10,26.6,1.0781011828088
1,10,26.6,0.9640969758166
1,10,26.6,0.81594292663093
1,30,26.8,0.84332923769999
1,30,26.8,0.74395207721791
1,30,26.8,1.0054584734036
1,30,26.8,1.0823008928585
1,30,26.8,0.91693918986926
1,60,26.8,1.0613019339985
1,60,26.8,0.99090574934571
1,60,26.8,1.0165342387403
1,60,26.8,1.1298808383807
1,60,26.8,1.031352110926
3,5,24.9,0.99936865012512
3,5,24.9,0.93064153295523
3,5,24.9,1.275267409865
3,5,24.9,1.0065803832408
3,5,24.9,1.031510588692
3,10,25.5,0.95660644294796
3,10,25.5,0.919157641773
3,10,25.5,0.95422475951047
3,10,25.5,0.86438143691673
3,10,25.5,0.90224122376496
3,30,25,1.0296235680769
3,30,25,0.95859868831572
3,30,25,1.029576576245
3,30,25,0.9566239542393
3,30,25,0.97363690004116
3,60,24.9,0.86067388164189
3,60,24.9,0.94725741523973
3,60,24.9,0.90249979602889
3,60,24.9,0.84256750813884
3,60,24.9,0.94568610594338
5,5,22.9,1.0962983005104
5,5,22.9,1.1148549205661
5,5,22.9,1.0809724072693
5,5,22.9,0.90360847950649
5,5,22.9,1.1382462067659
5,10,25.3,1.0069190358625
5,10,25.3,0.90751855900179
5,10,25.3,0.80112983300731
5,10,25.3,0.88352247073212
5,10,25.3,1.0089832339045
5,30,25.1,0.99845839748892
5,30,25.1,0.86106617457463
5,30,25.1,0.86441734836503
5,30,25.1,0.98061262850983
5,30,25.1,0.94742513424513
5,60,24.3,0.56385613528463
5,60,24.3,0.62131202885672
5,60,24.3,0.44285576000884
5,60,24.3,0.56643111162065
5,60,24.3,0.516873632769
7,5,24.1,0.9917231582486
7,5,24.1,0.9490841066562
7,5,24.1,0.99581383984717
7,5,24.1,0.94051292554715
7,5,24.1,0.84383984461143
7,10,26.5,0.87987222297661
7,10,26.5,0.89780790888086
7,10,26.5,0.99392358052191
7,10,26.5,1.1262432004638
7,10,26.5,1.0929490012667
7,30,25.4,0.92139053148594
7,30,25.4,0.90797282543598
7,30,25.4,0.76975544847396
7,30,25.4,0.69117577945648
7,30,25.4,0.85287836437293
7,60,25.15,0.17611694837934
7,60,25.15,0.17425699878111
7,60,25.15,0.16032233420787
7,60,25.15,0.20096221650706
7,60,25.15,0.18621553158904
10,5,27,1.0315587083722
10,5,27,0.87283993774
10,5,27,0.96297732960667
10,5,27,1.0036960805729
10,5,27,0.91420249904994
10,10,27,0.87222368816002
10,10,27,0.8925687869198
10,10,27,0.80423420993328
10,10,27,1.0588921511567
10,10,27,0.74822457887013
10,30,27,0.34004680129956
10,30,27,0.49577794579499
10,30,27,0.57005262079663
10,30,27,0.49696931692792
10,30,27,0.47958127293739
10,60,27.1,0.0043297624708652
10,60,27.1,0.0097821015959837
10,60,27.1,0.0054398005041771
10,60,27.1,0.0037064967181992
10,60,27.1,0.0025814240142327
DMSO,,,
Max Conc,Exp Time,Temp,Cell Viab
1,5,23.9,0.79659317495676
1,5,23.9,1.2927740074916
1,5,23.9,0.97140146987464
1,5,23.9,1.0059425830775
1,5,23.9,0.62096508363065
1,10,26.6,0.96551636941354
1,10,26.6,1.0640997198272
1,10,26.6,1.0947881680179
1,10,26.6,1.0502734726813
1,10,26.6,1.0365422420437
1,30,26.8,0.89560829732321
1,30,26.8,0.97521807585506
1,30,26.8,0.82317553013086
1,30,26.8,0.83253530468275
1,30,26.8,1.1758725783927
1,60,26.8,1.0428227279419
1,60,26.8,0.87319408242601
1,60,26.8,1.0980909747928
1,60,26.8,1.1272234017342
1,60,26.8,0.95391890432686
3,5,24.9,0.94793976263343
3,5,24.9,1.0088211231188
3,5,24.9,0.92804229333655
3,5,24.9,0.91421320521985
3,5,24.9,1.0170321580895
3,10,25.5,0.91330382226559
3,10,25.5,0.74852653166506
3,10,25.5,0.90394519145397
3,10,25.5,0.92887931443396
3,10,25.5,0.98899251285883
3,30,25,1.1608591370491
3,30,25,1.0694503212031
3,30,25,0.98554919570874
3,30,25,1.045023986391
3,30,25,0.92825303005183
3,60,24.9,0.79694363294086
3,60,24.9,0.8017672319695
3,60,24.9,0.92021022757428
3,60,24.9,0.97631691797183
3,60,24.9,0.98778794339396
5,5,22.9,1.1338927633157
5,5,22.9,1.0783139841161
5,5,22.9,0.94465176400364
5,5,22.9,0.88293660227789
5,5,22.9,1.0776810024596
5,10,25.3,1.0359790521274
5,10,25.3,0.86725909716592
5,10,25.3,0.83925224563226
5,10,25.3,1.0738027862422
5,10,25.3,0.8252160847582
5,30,25.1,0.96142474323635
5,30,25.1,0.83581273097449
5,30,25.1,0.94044436393647
5,30,25.1,0.81532101987026
5,30,25.1,0.90666179026746
5,60,24.3,0.051001545585491
5,60,24.3,0.057792189524277
5,60,24.3,0.068922606516948
5,60,24.3,0.052572242238365
5,60,24.3,0.050715228010455
7,5,24.1,1.0186034933042
7,5,24.1,0.93588602941053
7,5,24.1,0.92389738562313
7,5,24.1,0.91138299051083
7,5,24.1,0.85298749476119
7,10,26.5,0.89286116588909
7,10,26.5,0.89040590886387
7,10,26.5,0.8340042724116
7,10,26.5,0.8223884949411
7,10,26.5,0.86247581848931
7,30,25.4,0.45999973247407
7,30,25.4,0.50791144359666
7,30,25.4,0.48811199009072
7,30,25.4,0.35314472060953
7,30,25.4,0.40015299154602
7,60,25.15,0.014442011061325
7,60,25.15,0.054119491862379
7,60,25.15,0.0034303580636237
7,60,25.15,0.012647802300602
7,60,25.15,0.012408113860191
10,5,27,0.4315451574249
10,5,27,0.55989265946441
10,5,27,0.47773820726869
10,5,27,0.56892570015915
10,5,27,0.36032192620069
10,10,27,0.061790766029455
10,10,27,0.099808638460521
10,10,27,0.059299268031497
10,10,27,0.0230598720514
10,10,27,0.0083021078988587
10,10,27,0.027353765892704
10,30,27,-0.0007720393497483
10,30,27,0.00015997537992602
10,30,27,-0.00045149387216387
10,30,27,5.278482160308E-5
10,30,27,-0.0024288980648247
10,60,27.1,-0.0021666519094749
10,60,27.1,-0.0012260339429733
10,60,27.1,-0.0012323011209054
10,60,27.1,0.0022333229758298
10,60,27.1,0.0015468758503345
PG,,,
Max Conc,Exp Time,Temp,Cell Viab
1,5,23.9,0.9822917587986
1,5,23.9,0.71964535309322
1,5,23.9,1.1014092304539
1,5,23.9,0.72349896975784
1,5,23.9,0.90029005292954
1,10,26.6,1.1102090763026
1,10,26.6,1.1358958038507
1,10,26.6,0.87515960018422
1,10,26.6,0.95173630737825
1,10,26.6,1.188663086197
1,30,26.8,0.92862979271869
1,30,26.8,0.86893088739784
1,30,26.8,1.1000911150388
1,30,26.8,1.0625389462709
1,30,26.8,1.2467466799074
1,60,26.8,1.0815066296929
1,60,26.8,1.0576956402219
1,60,26.8,0.9435085585476
1,60,26.8,0.92431900630948
1,60,26.8,0.83655815185619
3,5,24.9,1.0116778317569
3,5,24.9,0.90862197553938
3,5,24.9,0.95030551007906
3,5,24.9,0.96357890512204
3,5,24.9,0.86992936645731
3,10,25.5,0.85495917636447
3,10,25.5,0.94139636122615
3,10,25.5,0.91414363308078
3,10,25.5,0.92327409453966
3,10,25.5,1.0280999414308
3,30,25,0.94691712354561
3,30,25,0.85422201775911
3,30,25,1.0673967606379
3,30,25,1.0122011168112
3,30,25,0.92753968208969
3,60,24.9,0.76524875325306
3,60,24.9,0.92690283629707
3,60,24.9,1.0015480971826
3,60,24.9,1.0087667759673
3,60,24.9,0.83416509836407
5,5,22.9,1.036759628222
5,5,22.9,1.0138402139314
5,5,22.9,1.0293579138061
5,5,22.9,1.0975112619767
5,5,22.9,0.85115811155158
5,10,25.3,0.72564192499229
5,10,25.3,0.91794567143226
5,10,25.3,1.0952256202512
5,10,25.3,1.0461750492816
5,10,25.3,0.89357065825594
5,30,25.1,0.65291994088974
5,30,25.1,0.81058110651938
5,30,25.1,0.90629497779003
5,30,25.1,0.75298170768808
5,30,25.1,0.71681367639992
5,60,24.3,0.023116796869925
5,60,24.3,0.29739645244756
5,60,24.3,0.081359498183191
5,60,24.3,0.063024818202224
5,60,24.3,0.10436771961491
7,5,24.1,0.067198381142602
7,5,24.1,0.079301189607092
7,5,24.1,0.24042530921872
7,5,24.1,0.17627482437053
7,5,24.1,0.094356178109572
7,10,26.5,0.0036058194041568
7,10,26.5,0.0052280847562392
7,10,26.5,0.0070204471688451
7,10,26.5,0.0029608313514618
7,10,26.5,0.0058648866450877
7,30,25.4,0.0036512154584125
7,30,25.4,0.0061029131625653
7,30,25.4,0.003897547043094
7,30,25.4,0.0027120354591551
7,30,25.4,0.0021692532639274
7,60,25.15,0.0041350900290619
7,60,25.15,0.00045786413800857
7,60,25.15,0.0024642095223581
7,60,25.15,-0.00061858539740075
7,60,25.15,-0.0076875072422916
10,5,27,-0.0011652810448201
10,5,27,-0.0015511416288566
10,5,27,7.3017518717134E-5
10,5,27,-0.0025459248100344
10,5,27,-0.0014686091425504
10,10,27,0.00048560102190586
10,10,27,-0.0028256148023145
10,10,27,-0.00046717995424618
10,10,27,-0.00060878707490905
10,10,27,0.00012505080281913
10,30,27,5.8693613409588E-5
10,30,27,-0.0014975174735328
10,30,27,-0.0016128439458761
10,30,27,-0.0023017199319178
10,30,27,-0.0020204028649137
10,60,27.1,0.00031249205548288
10,60,27.1,-0.0025719063004395
10,60,27.1,-0.0023382964905889
10,60,27.1,-0.0037319939803514
10,60,27.1,-0.00035556566110957
EG,,,
Max Conc,Exp Time,Temp,Cell Viab
1,5,23.9,1.0335960623748
1,5,23.9,1.089722337217
1,5,23.9,0.94842735390353
1,5,23.9,1.017805994996
1,5,23.9,0.6441014288489
1,10,26.6,1.1304894203472
1,10,26.6,0.97212285057085
1,10,26.6,1.040374400857
1,10,26.6,0.92488909311939
1,10,26.6,1.0367922995466
1,30,26.8,0.95278822870106
1,30,26.8,0.82086072615605
1,30,26.8,0.94341975588238
1,30,26.8,0.64484352839974
1,30,26.8,1.0295836185878
1,60,26.8,1.0912259798788
1,60,26.8,1.0401325640435
1,60,26.8,1.0270794913743
1,60,26.8,0.98744966638753
1,60,26.8,1.0482870323035
3,5,24.9,0.87233283218001
3,5,24.9,0.9613293796824
3,5,24.9,0.8210422549114
3,5,24.9,0.92404026582417
3,5,24.9,0.89514390313335
3,10,25.5,0.84330685585758
3,10,25.5,0.9424315769074
3,10,25.5,0.85137946527659
3,10,25.5,0.9063407338928
3,10,25.5,1.0040682295679
3,30,25,1.0051017971869
3,30,25,0.90876745472985
3,30,25,1.1295196296647
3,30,25,0.91972502778337
3,30,25,0.89571314684912
3,60,24.9,1.0212810539517
3,60,24.9,0.99308068569523
3,60,24.9,1.2109947679416
3,60,24.9,1.2011262082614
3,60,24.9,1.0877556308854
5,5,22.9,0.96229702161227
5,5,22.9,0.64129486762787
5,5,22.9,0.92130933762901
5,5,22.9,0.88409189863214
5,5,22.9,1.0714556828739
5,10,25.3,0.88206791848466
5,10,25.3,0.92423706594603
5,10,25.3,0.968516837537
5,10,25.3,0.91115446720027
5,10,25.3,0.60080169837533
5,30,25.1,1.0478634729712
5,30,25.1,1.0116333271645
5,30,25.1,0.80510691992579
5,30,25.1,0.97050108991709
5,30,25.1,1.1218429763779
5,60,24.3,0.821865633426
5,60,24.3,0.98030964103315
5,60,24.3,0.88061489654789
5,60,24.3,1.2241520831
5,60,24.3,1.2449887651082
7,5,24.1,0.79537963806072
7,5,24.1,0.9979243777207
7,5,24.1,0.99751226315818
7,5,24.1,0.92689857892714
7,5,24.1,0.90995333641005
7,10,26.5,0.94072404933531
7,10,26.5,0.80735169275031
7,10,26.5,0.82246253291497
7,10,26.5,0.90890022259294
7,10,26.5,1.0354849566035
7,30,25.4,1.0479170893602
7,30,25.4,0.91691839442019
7,30,25.4,1.0366196816653
7,30,25.4,1.0761655311989
7,30,25.4,1.0779875470973
7,30,25.4,1.0456717564192
7,60,25.15,1.0150869819594
7,60,25.15,0.92899274485202
7,60,25.15,0.94701412232994
7,60,25.15,1.0344040811409
7,60,25.15,0.94746613773137
10,5,27,0.99291829898932
10,5,27,0.98215202089901
10,5,27,0.89172459304091
10,5,27,0.96555324602036
10,5,27,0.74811403848704
10,10,27,0.66985782186479
10,10,27,0.82641641238691
10,10,27,0.77967015782806
10,10,27,0.66195435242596
10,10,27,0.73326056923566
10,30,27,0.18691948299882
10,30,27,0.34186819691962
10,30,27,0.30648075312203
10,30,27,0.37237099386484
10,30,27,0.39389521754199
10,30,27,0.29031675508448
10,60,27.1,0.040860100560182
10,60,27.1,0.1022038797754
10,60,27.1,0.067891351248887
10,60,27.1,0.023750465661977
10,60,27.1,0.10500023529507
FA,,,
Max Conc,Exp Time,Temp,Cell Viab
1,5,23.9,1.0653358132029
1,5,23.9,0.85797511231207
1,5,23.9,0.84328330759312
1,5,23.9,1.0436919384469
1,5,23.9,0.81598092923175
1,10,26.6,1.0222635004989
1,10,26.6,1.027149668293
1,10,26.6,1.1327452453539
1,10,26.6,1.1523750270459
1,10,26.6,0.79553722644551
1,30,26.8,0.86530529288527
1,30,26.8,0.89969343725135
1,30,26.8,1.0915774664734
1,30,26.8,1.1369776141272
1,30,26.8,0.8884315260461
1,30,26.8,0.77288574849011
1,60,26.8,1.1248799443114
1,60,26.8,0.9468430537575
1,60,26.8,1.0193512479668
1,60,26.8,1.0184646607428
1,60,26.8,0.74161912863917
3,5,24.9,0.59089913446629
3,5,24.9,0.66312077169342
3,5,24.9,0.73373227157415
3,5,24.9,0.60811724170471
3,5,24.9,0.78886136423004
3,10,25.5,0.58011414413719
3,10,25.5,0.66180582519821
3,10,25.5,0.5001603278914
3,10,25.5,0.52553353426325
3,10,25.5,0.66868713062174
3,30,25,0.49568609735353
3,30,25,0.31911046600695
3,30,25,0.32073715650082
3,30,25,0.4169322454538
3,30,25,0.5137659758051
3,60,24.9,0.27393798390365
3,60,24.9,0.24862045498089
3,60,24.9,0.32117977321878
3,60,24.9,0.3106530481197
3,60,24.9,0.31847879321436
5,5,22.9,0.24775933345458
5,5,22.9,0.24915310245502
5,5,22.9,0.28567473626632
5,5,22.9,0.27297676702179
5,5,22.9,0.27830596797991
5,5,22.9,0.17916515770047
5,10,25.3,0.19829590548822
5,10,25.3,0.27257126911149
5,10,25.3,0.23606450000194
5,10,25.3,0.28901609374242
5,10,25.3,0.22351395161271
5,30,25.1,0.084954813094567
5,30,25.1,0.14954928064033
5,30,25.1,0.14968238798337
5,30,25.1,0.14978213140293
5,30,25.1,0.11544184647456
5,60,24.3,0.050035601681025
5,60,24.3,0.049785285811257
5,60,24.3,0.035896492762539
5,60,24.3,0.038352935109246
5,60,24.3,0.039048019444678
7,5,24.1,0.12124867615307
7,5,24.1,0.12013215417577
7,5,24.1,0.12516535818259
7,5,24.1,0.10602024397645
7,5,24.1,0.089182758870328
7,10,26.5,0.087874328581692
7,10,26.5,0.072113186785916
7,10,26.5,0.11007411848217
7,10,26.5,0.074948521769123
7,10,26.5,0.091163914785105
7,30,25.4,0.0050967368163004
7,30,25.4,0.0036751880190626
7,30,25.4,0.0012945103733319
7,30,25.4,0.0058043706820911
7,30,25.4,0.0061263840825721
7,60,25.15,0.0037651911640417
7,60,25.15,0.0053479405013938
7,60,25.15,0.0047955112546749
7,60,25.15,0.0035700685284121
7,60,25.15,0.0043588453992138
10,5,27,-0.0017045667027389
10,5,27,0.00043473507590175
10,5,27,-0.00018745727852255
10,5,27,-0.001535453993914
10,5,27,-0.0028229192630114
10,10,27,-0.00092723521706638
10,10,27,-0.00073740729300313
10,10,27,-0.0016103281651018
10,10,27,-0.0013575259767228
10,10,27,-0.0029866823051256
10,30,27,-0.00090005071837201
10,30,27,0.0021255398263129
10,30,27,7.3878111583556E-7
10,30,27,-0.0015430551493777
10,30,27,-0.00090086202391653
10,60,27.1,-0.00068519758157882
10,60,27.1,-0.00053919353327598
10,60,27.1,-0.0012538423692418
10,60,27.1,-0.00064755038892298
10,60,27.1,-0.0046360240686066
Gly + DMSO,,,
Max Conc,Exp Time,Temp,Cell Viab
1,5,23.9,0.92020176228767
1,5,23.9,0.9658248323596
1,5,23.9,0.99547972469723
1,5,23.9,0.83947866354644
1,5,23.9,0.72268939260177
1,10,26.6,1.0145734519622
1,10,26.6,0.94796634659512
1,10,26.6,1.1872120020671
1,10,26.6,1.0028561745208
1,10,26.6,0.98452591910209
1,30,26.8,1.3889705656006
1,30,26.8,0.76145136010333
1,30,26.8,0.81770912680366
1,30,26.8,0.86144158343114
1,30,26.8,1.0581822529883
1,60,26.8,1.1125484492214
1,60,26.8,1.057694327523
1,60,26.8,1.058701498055
1,60,26.8,0.92141152514077
1,60,26.8,1.0309556144608
3,5,24.9,0.96633700909472
3,5,24.9,0.85073563405871
3,5,24.9,1.0675766748111
3,5,24.9,0.93087499037175
3,5,24.9,1.0687486555646
3,10,25.5,0.98070341301667
3,10,25.5,1.0615653406043
3,10,25.5,0.97037285754108
3,10,25.5,0.83787352852081
3,10,25.5,1.0848622316485
3,30,25,0.95889870687082
3,30,25,0.98699824188833
3,30,25,0.85129320419742
3,30,25,0.96321569935425
3,30,25,0.98062701349191
3,60,24.9,0.18747259334258
3,60,24.9,1.0137896491861
3,60,24.9,1.0193911785354
3,60,24.9,0.95120072215175
3,60,24.9,1.065663195728
5,5,22.9,1.0642804471458
5,5,22.9,0.83907388946253
5,5,22.9,1.0096561534642
5,5,22.9,1.1467095914135
5,5,22.9,0.98337837376715
5,10,25.3,0.84364047748225
5,10,25.3,1.0439742674871
5,10,25.3,0.94865229358309
5,10,25.3,0.88458084603765
5,10,25.3,0.90194437926889
5,30,25.1,0.85725046053522
5,30,25.1,0.93494495833864
5,30,25.1,0.84876455739234
5,30,25.1,0.80529841951343
5,30,25.1,0.95413377575942
5,60,24.3,0.65323405825202
5,60,24.3,0.71840864616655
5,60,24.3,1.0374469788477
5,60,24.3,0.70982097992323
5,60,24.3,0.60867672364718
7,5,24.1,0.8373855722132
7,5,24.1,0.87779331438063
7,5,24.1,0.86178521343635
7,5,24.1,0.89770245223692
7,5,24.1,0.90735400525577
7,10,26.5,0.93087712690968
7,10,26.5,0.99353402007865
7,10,26.5,0.88573321391458
7,10,26.5,0.85283011062953
7,10,26.5,0.94349483340177
7,30,25.4,0.7894620396637
7,30,25.4,0.80589246461808
7,30,25.4,0.56173536357081
7,30,25.4,0.7398201673839
7,30,25.4,0.79462868119467
7,60,25.15,0.19284050390132
7,60,25.15,0.076399722742333
7,60,25.15,0.11382339726553
7,60,25.15,0.12522376061862
7,60,25.15,0.099951347163282
10,5,27,0.99974092453122
10,5,27,0.94658190034109
10,5,27,0.86830599375521
10,5,27,1.0015945530847
10,5,27,0.72432293605821
10,10,27,0.73032204786006
10,10,27,0.66880048769308
10,10,27,0.64693617615422
10,10,27,0.69349122242396
10,10,27,0.61134794201841
10,30,27,0.055543855020687
10,30,27,0.025492879008744
10,30,27,0.060896147345527
10,30,27,0.063531644880847
10,30,27,0.029476191609137
10,60,27.1,0.00048751043120942
10,60,27.1,-0.004616142349797
10,60,27.1,0.0034955166938848
10,60,27.1,-0.0035955975396729
10,60,27.1,-0.0078957740234408
Gly + PG,,,
Max Conc,Exp Time,Temp,Cell Viab
1,5,23.9,0.98373453690979
1,5,23.9,0.91122703521205
1,5,23.9,0.83723335324811
1,5,23.9,1.0489653272817
1,5,23.9,0.89740979906276
1,10,26.6,1.0854399613081
1,10,26.6,1.0638136811483
1,10,26.6,1.0718190405836
1,10,26.6,1.0983090898706
1,10,26.6,0.93816770728803
1,30,26.8,0.93100284319359
1,30,26.8,0.77150668859008
1,30,26.8,0.7673281749796
1,30,26.8,1.2877930273428
1,30,26.8,1.1868656389553
1,60,26.8,0.93186608870168
1,60,26.8,0.99848361018683
1,60,26.8,1.1170750515093
1,60,26.8,1.0485966069286
1,60,26.8,1.1884438303557
1,60,26.8,0.84336394586859
3,5,24.9,1.0643598732581
3,5,24.9,0.99938892252006
3,5,24.9,0.98160890702955
3,5,24.9,1.0425297341242
3,5,24.9,1.1437899153603
3,10,25.5,0.92780115183209
3,10,25.5,1.0080160659749
3,10,25.5,0.89045379494411
3,10,25.5,0.95777174061152
3,10,25.5,1.0436633956699
3,30,25,0.90775845664375
3,30,25,0.8331341015913
3,30,25,0.92037712373233
3,30,25,0.85523161120511
3,30,25,0.90225670275687
3,60,24.9,0.91364928054736
3,60,24.9,0.86072990018567
3,60,24.9,0.89309341197161
3,60,24.9,1.02712732397
3,60,24.9,0.88490545400302
3,60,24.9,0.68792102993431
5,5,22.9,1.0907504473086
5,5,22.9,1.1221544295947
5,5,22.9,0.94037427664527
5,5,22.9,1.0076142174914
5,5,22.9,0.80253736628219
5,10,25.3,0.7659169730916
5,10,25.3,0.89543484217757
5,10,25.3,0.96894157152072
5,10,25.3,0.91730588718669
5,10,25.3,0.98171095335157
5,30,25.1,0.90183753249038
5,30,25.1,0.90188667878065
5,30,25.1,1.12184971571
5,30,25.1,0.91432734520529
5,30,25.1,0.97273967130823
5,60,24.3,1.0178073422918
5,60,24.3,0.82858776155026
5,60,24.3,0.96635720754033
5,60,24.3,0.9179081421733
5,60,24.3,1.049402703725
7,5,24.1,0.93853897006742
7,5,24.1,0.91825511741826
7,5,24.1,1.0158362599345
7,5,24.1,0.82611826395021
7,5,24.1,0.93159527414134
7,10,26.5,0.61326149207842
7,10,26.5,0.67541403167852
7,10,26.5,0.68650543116191
7,10,26.5,0.80840920556581
7,10,26.5,0.66941904277218
7,30,25.4,0.201125241635
7,30,25.4,0.2291083265914
7,30,25.4,0.1798987386274
7,30,25.4,0.17829933149074
7,30,25.4,0.17160647440178
7,60,25.15,0.1257040937245
7,60,25.15,0.094439517133927
7,60,25.15,0.10358573271677
7,60,25.15,0.074438077411412
7,60,25.15,0.091066073848596
10,5,27,0.016614886111389
10,5,27,0.014221023291112
10,5,27,0.01758103986916
10,5,27,0.01161838213278
10,5,27,0.0072089512533177
10,10,27,0.0034061135455835
10,10,27,-0.00094612228435817
10,10,27,0.0027234679962117
10,10,27,0.00045829474388636
10,10,27,0.0045366645008423
10,30,27,-0.00028199940748793
10,30,27,-0.0014535072525764
10,30,27,-0.00032856856440018
10,30,27,-0.0012420748930532
10,30,27,0.0018020512139585
10,60,27.1,-0.0021689893121033
10,60,27.1,-0.002011960763497
10,60,27.1,-0.0010810810858122
10,60,27.1,-0.0009429605044417
10,60,27.1,-0.0057262353133008
Gly + EG,,,
Max Conc,Exp Time,Temp,Cell Viab
1,5,23.9,0.86354259013492
1,5,23.9,1.1434294273685
1,5,23.9,1.0516941906621
1,5,23.9,0.95500439434925
1,5,23.9,0.97168439517093
1,10,26.6,1.0629170579187
1,10,26.6,1.02255573048
1,10,26.6,1.0615351642072
1,10,26.6,1.1285194472268
1,10,26.6,1.0236506720373
1,30,26.8,0.88208345241754
1,30,26.8,0.95848919097587
1,30,26.8,1.0566461952842
1,30,26.8,1.1408145701973
1,30,26.8,0.98702866418241
1,60,26.8,1.0702420869257
1,60,26.8,1.1666970665018
1,60,26.8,1.12314213118
1,60,26.8,0.89656651022303
1,60,26.8,1.0322728252692
3,5,24.9,1.0971051407991
3,5,24.9,0.99173724974059
3,5,24.9,1.0099415031426
3,5,24.9,1.0042702234856
3,5,24.9,0.99092194679827
3,10,25.5,0.88647376392849
3,10,25.5,1.1024991733035
3,10,25.5,0.91789265822099
3,10,25.5,0.96121501799971
3,10,25.5,1.0707841040368
3,30,25,0.87915506784912
3,30,25,0.94084565904205
3,30,25,0.87643509757535
3,30,25,0.79935128668333
3,30,25,0.77275819933559
3,60,24.9,0.92630097912101
3,60,24.9,0.89205878684762
3,60,24.9,1.0675605226638
3,60,24.9,1.0075897172344
3,60,24.9,1.0293384725995
5,5,22.9,1.0427339715955
5,5,22.9,0.9293551691647
5,5,22.9,1.0039964175889
5,5,22.9,0.95307481272714
5,5,22.9,1.1346241094143
5,10,25.3,0.79728587975831
5,10,25.3,0.8211226938393
5,10,25.3,0.98821344389783
5,10,25.3,1.0545930829362
5,10,25.3,0.93370666655651
5,30,25.1,0.97549384601515
5,30,25.1,0.99821939267859
5,30,25.1,0.92085624070019
5,30,25.1,0.93098525930711
5,30,25.1,1.0215003467802
5,60,24.3,0.93070799193632
5,60,24.3,1.0801107883754
5,60,24.3,1.0310614284269
5,60,24.3,1.0092897926038
5,60,24.3,1.0131829421826
7,5,24.1,0.92872267331969
7,5,24.1,0.89031718427482
7,5,24.1,0.86787276921857
7,5,24.1,1.0779066452323
7,5,24.1,0.68068879912838
7,10,26.5,0.89953363971379
7,10,26.5,0.84350989517297
7,10,26.5,0.97729091880182
7,10,26.5,0.84390713736782
7,10,26.5,0.92126031974705
7,30,25.4,0.81121234750608
7,30,25.4,0.95866237156574
7,30,25.4,0.95905995367149
7,30,25.4,0.89526188583372
7,30,25.4,1.0646869541901
7,60,25.15,0.91357417847237
7,60,25.15,0.86984509036388
7,60,25.15,0.87231506681012
7,60,25.15,0.92711962760811
7,60,25.15,1.0018597284166
10,5,27,0.99969403187835
10,5,27,0.88004850092576
10,5,27,0.92541556667829
10,5,27,1.1017976606962
10,5,27,0.99704811914282
10,10,27,0.87872401604216
10,10,27,0.71784323828445
10,10,27,0.92476658908989
10,10,27,0.96952754120633
10,10,27,0.66744361442963
10,30,27,0.72430666469436
10,30,27,0.64291281455156
10,30,27,0.91566441446822
10,30,27,0.67743501135805
10,30,27,0.7179315732141
10,60,27.1,0.043617966002158
10,60,27.1,0.024758549344912
10,60,27.1,0.033268146662226
10,60,27.1,0.021483334186762
10,60,27.1,0.03151868490328
Gly + FA,,,
Max Conc,Exp Time,Temp,Cell Viab
1,5,23.9,0.94699519088343
1,5,23.9,0.89622891021346
1,5,23.9,0.98617542633198
1,5,23.9,1.0645992769316
1,5,23.9,0.98928024277911
1,10,26.6,1.1281356563901
1,10,26.6,1.0632327564292
1,10,26.6,0.91941332115185
1,10,26.6,1.0882940675946
1,10,26.6,0.99497699094454
1,30,26.8,1.2782190811655
1,30,26.8,0.84500432995043
1,30,26.8,1.222182935645
1,30,26.8,0.94913997443291
1,30,26.8,1.08917224597
1,60,26.8,0.96531476707007
1,60,26.8,0.90449446261686
1,60,26.8,1.0629076705984
1,60,26.8,1.0087488239856
1,60,26.8,0.79771958630945
3,5,24.9,0.78368077835753
3,5,24.9,0.98786807918418
3,5,24.9,1.0281862214403
3,5,24.9,1.2168843517393
3,5,24.9,0.999396744745
3,10,25.5,0.95937610458236
3,10,25.5,0.91139470445461
3,10,25.5,0.92514378404942
3,10,25.5,0.90536113743378
3,10,25.5,0.83524498034441
3,30,25,0.95757551960568
3,30,25,0.88280319015327
3,30,25,0.97907288347444
3,30,25,0.93876962163249
3,30,25,0.97911795675481
3,60,24.9,1.0513267542168
3,60,24.9,1.1986500448863
3,60,24.9,1.2331678903932
3,60,24.9,0.97120007765436
3,60,24.9,0.90360471410345
5,5,22.9,1.1153630460756
5,5,22.9,0.99593991760564
5,5,22.9,0.77407014266597
5,5,22.9,0.94212802001086
5,5,22.9,0.90142144796087
5,10,25.3,0.95263726012666
5,10,25.3,0.95913855908298
5,10,25.3,0.92291254028594
5,10,25.3,0.90524516375985
5,10,25.3,0.91839385770665
5,30,25.1,0.73410400847677
5,30,25.1,0.758366158611
5,30,25.1,0.83827657234687
5,30,25.1,0.71972214501896
5,30,25.1,0.70018123079857
5,60,24.3,0.55579696187776
5,60,24.3,0.4876600118539
5,60,24.3,0.48717915655408
5,60,24.3,0.5208923890384
5,60,24.3,0.53734409513286
7,5,24.1,1.014762245638
7,5,24.1,1.1221793646761
7,5,24.1,0.98341211693611
7,5,24.1,0.99805596868363
7,5,24.1,0.90955398393139
7,10,26.5,0.94174088218531
7,10,26.5,0.79080383849857
7,10,26.5,0.86489475462639
7,10,26.5,0.87608820153719
7,10,26.5,0.88764510467442
7,30,25.4,0.65640088476761
7,30,25.4,0.47936916387144
7,30,25.4,0.55848220784824
7,30,25.4,0.6025862527985
7,30,25.4,0.5695075776308
7,60,25.15,0.25017470654724
7,60,25.15,0.26225614412376
7,60,25.15,0.30367064102963
7,60,25.15,0.32331407419786
7,60,25.15,0.26061193693727
7,60,25.15,0.2313613415906
10,5,27,0.92126849596167
10,5,27,0.85802755738646
10,5,27,0.85046907294812
10,5,27,0.91515113889638
10,5,27,0.85207149664871
10,10,27,0.6021056889648
10,10,27,0.69594392524251
10,10,27,0.55912688112493
10,10,27,0.63221207972846
10,10,27,0.48402989412322
10,30,27,0.35756643104815
10,30,27,0.38076874014155
10,30,27,0.2628463833405
10,30,27,0.37187887762151
10,30,27,0.34919111550008
10,60,27.1,0.098168678251937
10,60,27.1,0.10078217749919
10,60,27.1,0.11772381864292
10,60,27.1,0.092477626456107
10,60,27.1,0.10996313501488
10,60,27.1,0.11863055468369
DMSO + PG,,,
Max Conc,Exp Time,Temp,Cell Viab
1,5,23.9,0.95321234929443
1,5,23.9,0.89812673015935
1,5,23.9,0.95739659641874
1,5,23.9,0.8866454453891
1,5,23.9,1.0005055326846
1,5,23.9,0.26976720575481
1,10,26.6,0.89277812892547
1,10,26.6,1.1631442130642
1,10,26.6,1.1399613266049
1,10,26.6,1.0723582702039
1,10,26.6,1.0476852580973
1,30,26.8,0.84842527146508
1,30,26.8,1.1207339486118
1,30,26.8,0.66104366386106
1,30,26.8,1.0102537303786
1,30,26.8,1.584190408767
1,60,26.8,1.0816335124353
1,60,26.8,0.90163651519962
1,60,26.8,1.4916739767361
1,60,26.8,0.75372956119134
1,60,26.8,1.0553140954612
3,5,24.9,0.85303832702994
3,5,24.9,0.88602348405109
3,5,24.9,0.8624037016204
3,5,24.9,0.96684393242797
3,5,24.9,0.97861754152465
3,10,25.5,0.82242948223123
3,10,25.5,0.87419165743683
3,10,25.5,0.97505625455811
3,10,25.5,0.9809328828763
3,10,25.5,0.96647204609798
3,30,25,0.9555562283905
3,30,25,0.86755166410412
3,30,25,1.0216898937041
3,30,25,0.98882091129486
3,30,25,0.93672591681457
3,30,25,0.69232854565913
3,60,24.9,0.89967103207984
3,60,24.9,0.85171729896076
3,60,24.9,0.80741707055526
3,60,24.9,0.77736489236588
3,60,24.9,0.76682119368774
5,5,22.9,0.76152951868625
5,5,22.9,0.98258403082662
5,5,22.9,1.0969399298794
5,5,22.9,1.0627357319782
5,5,22.9,0.91766227849051
5,10,25.3,0.8339138122756
5,10,25.3,0.80789866373465
5,10,25.3,0.90936143455477
5,10,25.3,0.87952423454749
5,10,25.3,0.89542975094083
5,10,25.3,0.52689952023193
5,30,25.1,0.99727534447274
5,30,25.1,0.95989191274373
5,30,25.1,0.98585800868696
5,30,25.1,0.97013581833329
5,30,25.1,0.78392931929083
5,60,24.3,0.9739795308159
5,60,24.3,0.93546206976379
5,60,24.3,0.99150728857364
5,60,24.3,0.87667224365846
5,60,24.3,0.93219276441307
7,5,24.1,0.97315713851308
7,5,24.1,1.0528601044505
7,5,24.1,0.94005235250756
7,5,24.1,0.91100904294668
7,5,24.1,0.966235272612
7,10,26.5,0.70880995555455
7,10,26.5,0.6123005755186
7,10,26.5,0.80106672218627
7,10,26.5,0.83678000551324
7,10,26.5,0.76098743571825
7,30,25.4,0.13098289217505
7,30,25.4,0.12826342580507
7,30,25.4,0.13002946923014
7,30,25.4,0.10818470080495
7,30,25.4,0.032292539713653
7,60,25.15,0.010638655170324
7,60,25.15,0.009329751367538
7,60,25.15,0.0044648519010561
7,60,25.15,0.0062361475498357
7,60,25.15,-0.0015016187178792
10,5,27,0.010440807036126
10,5,27,0.014566767474554
10,5,27,0.01045447141478
10,5,27,0.0091014150484183
10,5,27,0.0099269703867951
10,10,27,0.0018939242405601
10,10,27,0.00047332814759647
10,10,27,-0.00071342329130131
10,10,27,0.0016524778228027
10,10,27,0.0012718358798215
10,30,27,-0.0010292761998702
10,30,27,0.0019118726344585
10,30,27,-0.00098931966373415
10,30,27,-0.0011719214986628
10,30,27,-9.1431521948292E-5
10,60,27.1,-0.0018291520281171
10,60,27.1,-0.000927384053219
10,60,27.1,-0.00076816714426487
10,60,27.1,-0.0041063895028323
10,60,27.1,-0.0010399769949273
DMSO + EG,,,
Max Conc,Exp Time,Temp,Cell Viab
1,5,23.9,1.0506785040243
1,5,23.9,0.8245835372767
1,5,23.9,0.99192771831187
1,5,23.9,0.89880590411434
1,5,23.9,0.8996511481934
1,10,26.6,1.1621422405891
1,10,26.6,1.0414287520706
1,10,26.6,0.9990706367852
1,10,26.6,1.0120160869777
1,10,26.6,0.97431734194642
1,30,26.8,0.93079848776252
1,30,26.8,0.78354326899544
1,30,26.8,0.94254199418814
1,30,26.8,0.95577853338675
1,30,26.8,0.94929426975821
1,60,26.8,1.1024168140725
1,60,26.8,1.0166341122207
1,60,26.8,0.93114148532947
1,60,26.8,1.085959550347
1,60,26.8,1.1014223095341
3,5,24.9,0.93898427745823
3,5,24.9,1.078687855214
3,5,24.9,1.2230690107652
3,5,24.9,0.85507833925995
3,5,24.9,0.99066254059152
3,10,25.5,0.84306078941521
3,10,25.5,0.8953163314818
3,10,25.5,0.96368063526391
3,10,25.5,0.89460374545233
3,10,25.5,1.0396761344176
3,10,25.5,1.1715977957662
3,30,25,1.0794288635161
3,30,25,0.90411045163585
3,30,25,0.78083957733909
3,30,25,1.0449856100134
3,30,25,0.86836371271021
3,60,24.9,0.91811801370045
3,60,24.9,0.92686675389967
3,60,24.9,0.89781769125939
3,60,24.9,1.040156007879
3,60,24.9,0.9855382583956
5,5,22.9,0.95062975985602
5,5,22.9,0.98738249151845
5,5,22.9,0.96309878009432
5,5,22.9,0.94849124736993
5,5,22.9,0.96930828052555
5,10,25.3,1.0004319256111
5,10,25.3,1.0601930771081
5,10,25.3,0.95918982275135
5,10,25.3,0.99782786268086
5,10,25.3,0.96850485987619
5,30,25.1,0.88756073113639
5,30,25.1,0.86206681477397
5,30,25.1,0.96623604479204
5,30,25.1,0.95190000702778
5,30,25.1,0.99156178861869
5,60,24.3,1.0658398323739
5,60,24.3,0.91304678423325
5,60,24.3,1.0361557086229
5,60,24.3,1.0755744524596
5,60,24.3,0.98785922269072
7,5,24.1,0.92534918819918
7,5,24.1,0.93123397359774
7,5,24.1,0.94583878929457
7,5,24.1,0.97668997219266
7,5,24.1,0.92022016976906
7,5,24.1,0.87191129620549
7,10,26.5,0.91501599045025
7,10,26.5,1.0140354524351
7,10,26.5,0.93696720601218
7,10,26.5,1.0157352570427
7,10,26.5,0.98441158191341
7,30,25.4,0.86598981486972
7,30,25.4,0.97843165325237
7,30,25.4,0.90969782316762
7,30,25.4,0.98976283264447
7,30,25.4,1.0820346461495
7,60,25.15,0.78396402130867
7,60,25.15,0.6742668527397
7,60,25.15,0.9468283014191
7,60,25.15,0.8097269128361
7,60,25.15,0.75458987655097
10,5,27,0.7921504872123
10,5,27,0.64870308795933
10,5,27,0.81849857340293
10,5,27,0.79794701091771
10,5,27,0.73735960625892
10,10,27,0.5296891836072
10,10,27,0.45242758795955
10,10,27,0.40190998454341
10,10,27,0.41466203119717
10,10,27,0.50353265143314
10,30,27,0.0053398955826982
10,30,27,0.0048934328859899
10,30,27,0.0070856529412588
10,30,27,0.0039840320086129
10,30,27,0.00099139601701148
10,60,27.1,-0.0025330862517291
10,60,27.1,-0.00047716682947157
10,60,27.1,0.0021710750461547
10,60,27.1,0.0037030997815531
10,60,27.1,-0.0059697278120957
DMSO + FA,,,
Max Conc,Exp Time,Temp,Cell Viab
1,5,23.9,0.846416514244
1,5,23.9,0.95005622700735
1,5,23.9,0.97962534999809
1,5,23.9,0.82257879753644
1,5,23.9,0.64593030695634
1,10,26.6,1.1267802201641
1,10,26.6,1.2800945866943
1,10,26.6,0.95200941224046
1,10,26.6,1.2149255080495
1,10,26.6,1.0778503649439
1,30,26.8,0.89071618594511
1,30,26.8,0.8151923564828
1,30,26.8,0.94611378759698
1,30,26.8,1.0381128090901
1,30,26.8,0.90353904508607
1,60,26.8,0.72268542943205
1,60,26.8,1.0266829471045
1,60,26.8,1.0459195285459
1,60,26.8,1.1521075070699
1,60,26.8,0.79569789389819
3,5,24.9,1.0323111811711
3,5,24.9,0.86142361316683
3,5,24.9,1.0705158069175
3,5,24.9,0.90510598203969
3,5,24.9,0.96148353885827
3,10,25.5,1.078646841271
3,10,25.5,0.9668407657813
3,10,25.5,0.74794232175121
3,10,25.5,1.1152096033264
3,10,25.5,0.83085449073697
3,30,25,0.85025224054999
3,30,25,0.92761699060852
3,30,25,1.0183812020925
3,30,25,0.97026244220265
3,30,25,1.1010468248544
3,60,24.9,1.0359141432633
3,60,24.9,0.96762182697521
3,60,24.9,1.2995687776293
3,60,24.9,0.94474052994763
3,60,24.9,0.89216104315034
5,5,22.9,0.83281763688061
5,5,22.9,1.0059496601151
5,5,22.9,1.0310141687914
5,5,22.9,0.74497376198749
5,5,22.9,0.88343922415251
5,10,25.3,0.80843109900172
5,10,25.3,0.79162815183517
5,10,25.3,0.73209491376394
5,10,25.3,0.75972752540291
5,10,25.3,0.79457145158241
5,30,25.1,0.81083659453223
5,30,25.1,0.74374612530015
5,30,25.1,0.81665454886355
5,30,25.1,0.66168120166314
5,30,25.1,0.79821774234416
5,60,24.3,0.70821441268718
5,60,24.3,0.647621434487
5,60,24.3,0.6760195781719
5,60,24.3,0.60401362979189
5,60,24.3,0.50281631171353
7,5,24.1,0.80032875738951
7,5,24.1,0.8021898226115
7,5,24.1,0.83436811945458
7,5,24.1,0.79548016833856
7,5,24.1,0.74222651659056
7,10,26.5,0.63372371015592
7,10,26.5,0.64325187701311
7,10,26.5,0.65041706567939
7,10,26.5,0.71932010284184
7,10,26.5,0.64947765020512
7,30,25.4,0.64425494444912
7,30,25.4,0.60159583943316
7,30,25.4,0.52217716870836
7,30,25.4,0.54816065026812
7,30,25.4,0.66843755283856
7,60,25.15,0.39227047081702
7,60,25.15,0.36601737802912
7,60,25.15,0.42377067961049
7,60,25.15,0.36732578244632
7,60,25.15,0.36887426233351
10,5,27,0.52565780618133
10,5,27,0.56193608764982
10,5,27,0.36917915399198
10,5,27,0.47357240661347
10,5,27,0.41210011939423
10,10,27,0.10034583679325
10,10,27,0.11677727920988
10,10,27,0.14327896612482
10,10,27,0.12144026914944
10,10,27,0.079942810629339
10,30,27,0.068522013209271
10,30,27,0.045861034510836
10,30,27,0.08918268954071
10,30,27,0.048607814946383
10,30,27,0.09583225435485
10,60,27.1,-0.0031146322749379
10,60,27.1,-0.00074744162814748
10,60,27.1,-0.00027264235599898
10,60,27.1,-0.004136316082431
10,60,27.1,-0.0022031107980518
PG + EG,,,
Max Conc,Exp Time,Temp,Cell Viab
1,5,23.9,0.96129456399789
1,5,23.9,0.89999470602081
1,5,23.9,0.85878745794949
1,5,23.9,1.0383560653254
1,5,23.9,0.72698700444042
1,10,26.6,1.0214623361666
1,10,26.6,1.2483646245966
1,10,26.6,1.1817814931826
1,10,26.6,1.0809116117509
1,10,26.6,1.0441173707392
1,30,26.8,0.91130523415675
1,30,26.8,0.93762864567526
1,30,26.8,0.90403690066374
1,30,26.8,1.0336654954059
1,30,26.8,0.93468547415946
1,60,26.8,1.365939959776
1,60,26.8,0.91108890276087
1,60,26.8,0.95781711666615
1,60,26.8,0.98174971165977
1,60,26.8,0.94146407760472
3,5,24.9,1.0452249631055
3,5,24.9,0.97073087175048
3,5,24.9,1.1768536078427
3,5,24.9,0.96942963942648
3,5,24.9,0.92169106634299
3,10,25.5,0.83827347116903
3,10,25.5,0.97250937311846
3,10,25.5,0.81223984781238
3,10,25.5,0.85335068820259
3,10,25.5,0.86648118474093
3,30,25,1.0107739969472
3,30,25,1.0089104646815
3,30,25,1.0436442000526
3,30,25,1.0421975382404
3,30,25,0.81249949827754
3,60,24.9,1.1770811876341
3,60,24.9,0.93241402802973
3,60,24.9,1.0052362832631
3,60,24.9,0.98938208506257
3,60,24.9,0.80736101167263
5,5,22.9,1.2175018356848
5,5,22.9,1.0290207427755
5,5,22.9,0.88229976393438
5,5,22.9,0.94391287846104
5,5,22.9,0.8817996106793
5,10,25.3,0.89603911779469
5,10,25.3,0.92263946636147
5,10,25.3,0.82823722596304
5,10,25.3,0.96005232948303
5,10,25.3,0.88212129192781
5,30,25.1,0.98632152770767
5,30,25.1,1.1724829104423
5,30,25.1,1.0625410693844
5,30,25.1,0.95931646893392
5,30,25.1,1.1667304752331
5,60,24.3,0.998413637002
5,60,24.3,0.88641440720933
5,60,24.3,1.145564479279
5,60,24.3,1.1025823130029
5,60,24.3,0.90419646098804
5,60,24.3,1.1719374311451
7,5,24.1,0.69501053392793
7,5,24.1,1.0759573684335
7,5,24.1,0.86254924739733
7,5,24.1,0.85372251061664
7,5,24.1,0.93382327192257
7,10,26.5,0.76355669828985
7,10,26.5,0.70826768167566
7,10,26.5,0.99743915766114
7,10,26.5,0.83898291750754
7,10,26.5,0.91042241185194
7,30,25.4,0.64101242113336
7,30,25.4,0.96456310787481
7,30,25.4,0.7806676075447
7,30,25.4,0.71346883904475
7,30,25.4,0.73208106573876
7,60,25.15,0.34111321999397
7,60,25.15,0.31202930316426
7,60,25.15,0.48078601792904
7,60,25.15,0.26097574198928
7,60,25.15,0.25983661417187
10,5,27,0.010012801323862
10,5,27,0.0093765156189921
10,5,27,0.0080296259149979
10,5,27,0.0039086722359322
10,5,27,0.0064480989013323
10,10,27,-0.002273087254423
10,10,27,-0.0024806543366756
10,10,27,-0.00086940202109721
10,10,27,-4.7639789215413E-5
10,10,27,4.3067839871613E-5
10,30,27,-0.00045291004606086
10,30,27,-0.00094039956614644
10,30,27,0.00010476056186569
10,30,27,-0.00061246993229061
10,30,27,-0.00044470651695024
10,60,27.1,-0.00049600294012307
10,60,27.1,-0.0015754409230102
10,60,27.1,-8.2110801172971E-6
10,60,27.1,-0.0053471918586658
10,60,27.1,0.0044530331310317
PG + FA,,,
Max Conc,Exp Time,Temp,Cell Viab
1,5,23.9,1.0334754893281
1,5,23.9,0.73908301412953
1,5,23.9,0.83324969029475
1,5,23.9,0.9592192619321
1,5,23.9,0.96881707913165
1,10,26.6,0.97035006068642
1,10,26.6,1.1590214852207
1,10,26.6,1.2195151915218
1,10,26.6,0.99317188167801
1,10,26.6,0.92489006124995
1,30,26.8,1.0144538925841
1,30,26.8,1.1075895422663
1,30,26.8,0.95947368634127
1,30,26.8,1.1584043923278
1,30,26.8,1.2593853385837
1,60,26.8,1.1490105413728
1,60,26.8,1.1114803581746
1,60,26.8,0.99836438068675
1,60,26.8,0.81136602563703
1,60,26.8,0.80597292627457
3,5,24.9,1.072641888959
3,5,24.9,0.98112205532451
3,5,24.9,0.95355977914962
3,5,24.9,1.0087721154451
3,5,24.9,0.94373580995594
3,5,24.9,0.77911992604312
3,10,25.5,0.86651045800309
3,10,25.5,0.89250054289325
3,10,25.5,0.80170190575283
3,10,25.5,0.90095476777216
3,10,25.5,0.89257351654179
3,30,25,0.88884019408888
3,30,25,0.76337574122588
3,30,25,0.9360959645293
3,30,25,0.94162729660876
3,30,25,0.78256553874141
3,60,24.9,0.84474642321499
3,60,24.9,0.88399261905865
3,60,24.9,0.94426898933045
3,60,24.9,1.0473311503867
3,60,24.9,0.91852743047255
5,5,22.9,0.72941096057818
5,5,22.9,0.94995130367427
5,5,22.9,0.92657351733673
5,5,22.9,0.90538115606125
5,5,22.9,0.63506995970295
5,10,25.3,0.31240269876957
5,10,25.3,0.32470826415476
5,10,25.3,0.33866870888344
5,10,25.3,0.3461226070513
5,10,25.3,0.3194046721799
5,30,25.1,0.30797772453621
5,30,25.1,0.29473551005945
5,30,25.1,0.23348384391028
5,30,25.1,0.29238642621718
5,30,25.1,0.27820143221787
5,30,25.1,0.32670486056497
5,60,24.3,0.16273212560433
5,60,24.3,0.1550429549156
5,60,24.3,0.13152548743039
5,60,24.3,0.16310917446887
5,60,24.3,0.13626720708577
7,5,24.1,0.21087271594521
7,5,24.1,0.2313123269814
7,5,24.1,0.2235637888733
7,5,24.1,0.2242558768031
7,5,24.1,0.21131057569363
7,10,26.5,0.23385887305244
7,10,26.5,0.2007782472882
7,10,26.5,0.23445159562868
7,10,26.5,0.24773139266633
7,10,26.5,0.19371438280415
7,30,25.4,0.056514650350003
7,30,25.4,0.091647039903116
7,30,25.4,0.089614722648842
7,30,25.4,0.093301346906579
7,30,25.4,0.060594585130372
7,60,25.15,0.009019325741501
7,60,25.15,0.0091939544553851
7,60,25.15,0.014026981543134
7,60,25.15,0.0098980156993214
7,60,25.15,0.0031823899514063
10,5,27,0.0046155669625332
10,5,27,0.0049313188073508
10,5,27,-0.0015160361868089
10,5,27,-0.0021974493154824
10,5,27,0.00069458438221446
10,5,27,-0.0011391407584453
10,10,27,0.0022422608719167
10,10,27,0.0013772054194352
10,10,27,-0.0007632170280583
10,10,27,-0.00080768381188548
10,10,27,0.0012087385958286
10,30,27,8.0556827274077E-5
10,30,27,0.0016025990532245
10,30,27,-0.0032544569908779
10,30,27,-0.0012207698970677
10,30,27,-0.00016730240677147
10,60,27.1,0.00038296236212898
10,60,27.1,-0.004133710266326
10,60,27.1,0.00054238313305236
10,60,27.1,-0.0015237054604122
10,60,27.1,0.00033285694294188
EG + FA,,,
Max Conc,Exp Time,Temp,Cell Viab
1,5,23.9,1.0893296485494
1,5,23.9,0.91692202050047
1,5,23.9,0.86012465160199
1,5,23.9,0.68017755165203
1,5,23.9,0.79093413398882
1,10,26.6,1.0026450334839
1,10,26.6,1.1775635030898
1,10,26.6,1.1882464022697
1,10,26.6,1.128085268192
1,10,26.6,0.92669018495606
1,30,26.8,0.89783392068754
1,30,26.8,1.1169914536185
1,30,26.8,1.1358441820695
1,30,26.8,0.9346530407589
1,30,26.8,1.1625343158344
1,60,26.8,1.0298778110399
1,60,26.8,1.0704964585436
1,60,26.8,1.2049886756501
1,60,26.8,0.7710020822058
1,60,26.8,0.90210594394562
3,5,24.9,1.0067384712426
3,5,24.9,1.0317708415518
3,5,24.9,0.95694953538946
3,5,24.9,1.1580549527067
3,5,24.9,0.82093611621056
3,10,25.5,0.94443153211674
3,10,25.5,0.92420352979667
3,10,25.5,0.81383766187481
3,10,25.5,0.88674533945225
3,10,25.5,0.82312203781636
3,30,25,0.88597869240137
3,30,25,0.80797123885122
3,30,25,0.9150892251847
3,30,25,0.88360322745696
3,30,25,0.8302242450259
3,60,24.9,0.88937113082619
3,60,24.9,0.92440451561098
3,60,24.9,0.99233523541407
3,60,24.9,0.90773126441344
3,60,24.9,0.84695800752608
5,5,22.9,0.99501757361949
5,5,22.9,0.93422697128914
5,5,22.9,1.0704552865119
5,5,22.9,0.94472380475208
5,5,22.9,1.0299153643781
5,10,25.3,0.89637133613155
5,10,25.3,0.76815844501208
5,10,25.3,0.82966424338069
5,10,25.3,0.78896207091411
5,10,25.3,0.73661016912949
5,30,25.1,0.66981921677899
5,30,25.1,0.69047858741455
5,30,25.1,0.72601445948597
5,30,25.1,0.82992727801906
5,30,25.1,0.72621741547506
5,60,24.3,0.76016701107072
5,60,24.3,0.56507235123217
5,60,24.3,0.71169048328966
5,60,24.3,0.76075673717787
5,60,24.3,0.62059537131349
7,5,24.1,0.40508847579397
7,5,24.1,0.38647334527686
7,5,24.1,0.40668579292044
7,5,24.1,0.34400842265361
7,5,24.1,0.2708356273955
7,10,26.5,0.280376703096
7,10,26.5,0.33482598157131
7,10,26.5,0.32066235175909
7,10,26.5,0.25166222279608
7,10,26.5,0.34311688166484
7,10,26.5,0.34621660948822
7,30,25.4,0.2888602362455
7,30,25.4,0.26083540247732
7,30,25.4,0.33479385934994
7,30,25.4,0.30089719351255
7,30,25.4,0.33290102361211
7,60,25.15,0.236442750525
7,60,25.15,0.24851047155975
7,60,25.15,0.1885819081088
7,60,25.15,0.19153219493864
7,60,25.15,0.22643266318288
10,5,27,0.2049446184103
10,5,27,0.22901317766667
10,5,27,0.20928204538661
10,5,27,0.22780260226439
10,5,27,0.21147637093842
10,10,27,0.21361992728832
10,10,27,0.17615439671035
10,10,27,0.24324745938849
10,10,27,0.19424285813626
10,10,27,0.16988410428772
10,30,27,0.07367188841449
10,30,27,0.080747474082887
10,30,27,0.097304802808087
10,30,27,0.085216267004734
10,30,27,0.078592269965077
10,60,27.1,0.0032896970420634
10,60,27.1,0.0030693801377293
10,60,27.1,0.00093349308449569
10,60,27.1,-0.005173134689141
10,60,27.1,-0.00075169743839413
